customer_id,agg_claim_amount,year
0,28848.26,2022
1,34775.65,2022
2,16875.703,2022
3,27648.465,2022
4,20385.668,2022
5,13748.678,2022
6,18178.326,2022
7,59634.29,2022
8,13327.303,2022
9,38986.418,2022
10,50884.742,2022
11,12106.396,2022
12,20546.477,2022
13,42578.445,2022
14,203.40622,2022
15,46742.805,2022
16,20053.758,2022
17,24866.217,2022
18,19487.326,2022
19,29001.549,2022
20,14821.84,2022
21,25948.693,2022
22,14156.1875,2022
23,13979.846,2022
24,12633.039,2022
25,32100.87,2022
26,16030.158,2022
27,14126.275,2022
28,18065.043,2022
29,56735.023,2022
30,17678.232,2022
31,22275.844,2022
32,1.936778,2022
33,18806.826,2022
34,25116.635,2022
35,24530.059,2022
36,19903.068,2022
37,12031.605,2022
38,15720.901,2022
39,20179.07,2022
40,14628.861,2022
41,17724.453,2022
42,15237.162,2022
43,13485.442,2022
44,26162.34,2022
45,2.1614256,2022
46,46730.195,2022
47,35900.22,2022
48,21722.607,2022
49,16886.006,2022
50,347.06204,2022
51,64740.125,2022
52,43561.65,2022
53,26292.703,2022
54,42611.43,2022
55,21813.223,2022
56,23197.455,2022
57,29237.234,2022
58,22194.184,2022
59,18844.906,2022
60,12083.235,2022
61,9068.405,2022
62,21422.531,2022
63,30215.422,2022
64,10487.95,2022
65,19662.79,2022
66,31052.463,2022
67,14115.004,2022
68,43477.48,2022
69,10981.313,2022
70,19866.316,2022
71,17422.275,2022
72,34450.44,2022
73,25590.164,2022
74,11983.659,2022
75,31919.477,2022
76,11399.5,2022
77,295.57382,2022
78,19800.89,2022
79,19974.031,2022
80,22659.027,2022
81,15383.435,2022
82,35514.332,2022
83,32373.627,2022
84,24453.332,2022
85,18101.24,2022
86,13311.78,2022
87,19148.773,2022
88,28017.814,2022
89,27151.031,2022
90,274.76553,2022
91,19763.838,2022
92,30310.75,2022
93,15390.859,2022
94,25833.162,2022
95,43747.996,2022
96,15178.945,2022
97,8942.427,2022
98,9182.461,2022
99,32009.709,2022
100,11183.855,2022
101,13044.736,2022
102,28087.988,2022
103,19627.06,2022
104,4.6839623,2022
105,35013.85,2022
106,10538.05,2022
107,38905.71,2022
108,23436.275,2022
109,21972.422,2022
110,10763.196,2022
111,21138.691,2022
112,45615.14,2022
113,21526.219,2022
114,39629.418,2022
115,34737.83,2022
116,23767.688,2022
117,24312.973,2022
118,17194.88,2022
119,20773.57,2022
120,44798.05,2022
121,24956.852,2022
122,383.1435,2022
123,21612.305,2022
124,27107.488,2022
125,13550.119,2022
126,9231.395,2022
127,51514.664,2022
128,73174.66,2022
129,17442.94,2022
130,21501.926,2022
131,31562.049,2022
132,13724.299,2022
133,32445.086,2022
134,30980.938,2022
135,19121.383,2022
136,45233.06,2022
137,14211.661,2022
138,20583.799,2022
139,15495.796,2022
140,27734.61,2022
141,39430.07,2022
142,19285.014,2022
143,46584.47,2022
144,21668.047,2022
145,39458.207,2022
146,25104.877,2022
147,32913.242,2022
148,21929.234,2022
149,39185.168,2022
150,42374.727,2022
151,14149.17,2022
152,19091.408,2022
153,24544.754,2022
154,16039.885,2022
155,14188.111,2022
156,7745.0127,2022
157,29892.75,2022
158,39494.95,2022
159,15765.733,2022
160,21181.715,2022
161,25865.48,2022
162,37511.04,2022
163,41355.79,2022
164,23377.277,2022
165,20482.834,2022
166,15008.201,2022
167,21558.082,2022
168,11827.96,2022
169,26255.645,2022
170,17854.816,2022
171,15157.825,2022
172,23438.287,2022
173,14022.561,2022
174,19080.633,2022
175,25913.43,2022
176,18753.098,2022
177,30451.273,2022
178,35833.176,2022
179,32599.42,2022
180,28986.312,2022
181,20857.938,2022
182,9090.303,2022
183,26761.469,2022
184,29823.273,2022
185,27405.035,2022
186,21338.38,2022
187,25969.637,2022
188,17445.418,2022
189,26963.49,2022
190,22317.775,2022
191,18761.236,2022
192,20867.13,2022
193,17009.91,2022
194,11196.096,2022
195,17790.195,2022
196,30888.393,2022
197,18585.488,2022
198,16634.887,2022
199,31253.209,2022
200,20266.668,2022
201,15582.013,2022
202,1.9425789,2022
203,17386.805,2022
204,14920.619,2022
205,28060.707,2022
206,30668.133,2022
207,12157.536,2022
208,18261.957,2022
209,2.8377738,2022
210,22549.432,2022
211,38782.203,2022
212,21302.27,2022
213,411.1149,2022
214,26963.672,2022
215,58582.45,2022
216,20703.557,2022
217,18915.236,2022
218,17013.236,2022
219,19123.352,2022
220,12837.317,2022
221,26129.824,2022
222,27967.332,2022
223,33155.004,2022
224,18727.79,2022
225,29067.201,2022
226,24869.633,2022
227,17594.053,2022
228,30134.328,2022
229,12289.46,2022
230,8605.082,2022
231,20759.627,2022
232,35210.08,2022
233,18682.373,2022
234,17501.11,2022
235,24755.836,2022
236,17514.35,2022
237,30880.086,2022
238,31482.895,2022
239,19886.031,2022
240,2.1302273,2022
241,32231.98,2022
242,47090.727,2022
243,9875.357,2022
244,7709.243,2022
245,20094.4,2022
246,18813.535,2022
247,32668.793,2022
248,34905.03,2022
249,34936.504,2022
250,20426.828,2022
251,19559.979,2022
252,30491.055,2022
253,28808.258,2022
254,19769.117,2022
255,32763.455,2022
256,14436.371,2022
257,28106.852,2022
258,17157.861,2022
259,17948.475,2022
260,16629.637,2022
261,25808.266,2022
262,20265.469,2022
263,20379.623,2022
264,32234.47,2022
265,19677.926,2022
266,25934.072,2022
267,18519.775,2022
268,26924.768,2022
269,22207.162,2022
270,334.6399,2022
271,25127.775,2022
272,39010.37,2022
273,16341.15,2022
274,29484.762,2022
275,37569.074,2022
276,10025.066,2022
277,31045.71,2022
278,13615.859,2022
279,8815.33,2022
280,21949.027,2022
281,28701.857,2022
282,34146.406,2022
283,16612.502,2022
284,203.98161,2022
285,15717.244,2022
286,19427.13,2022
287,8750.684,2022
288,22048.05,2022
289,25654.014,2022
290,39209.02,2022
291,25902.879,2022
292,30097.25,2022
293,36590.625,2022
294,45698.652,2022
295,57338.305,2022
296,36187.965,2022
297,17503.246,2022
298,15170.798,2022
299,27841.193,2022
300,25187.684,2022
301,15277.089,2022
302,11991.959,2022
303,14356.616,2022
304,11825.411,2022
305,18113.553,2022
306,14588.542,2022
307,10737.74,2022
308,25102.65,2022
309,16870.344,2022
310,10534.965,2022
311,18850.965,2022
312,18044.225,2022
313,11448.646,2022
314,43944.445,2022
315,23165.664,2022
316,59772.477,2022
317,20963.092,2022
318,37304.13,2022
319,14547.862,2022
320,9714.988,2022
321,17453.69,2022
322,16478.664,2022
323,23085.057,2022
324,8880.082,2022
325,29201.762,2022
326,28913.014,2022
327,16527.326,2022
328,8446.357,2022
329,9250.748,2022
330,32859.426,2022
331,19695.537,2022
332,14156.08,2022
333,32241.389,2022
334,16460.365,2022
335,39567.03,2022
336,12321.145,2022
337,16590.098,2022
338,15309.7,2022
339,18858.947,2022
340,24201.633,2022
341,38946.547,2022
342,27568.291,2022
343,44274.367,2022
344,41688.535,2022
345,12665.26,2022
346,13807.479,2022
347,38703.91,2022
348,12405.08,2022
349,10635.134,2022
350,13682.31,2022
351,19701.662,2022
352,19132.254,2022
353,26874.436,2022
354,39903.8,2022
355,29357.293,2022
356,19380.555,2022
357,201.97513,2022
358,9383.074,2022
359,12066.078,2022
360,24669.154,2022
361,16366.885,2022
362,30903.566,2022
363,16173.273,2022
364,15425.7,2022
365,13114.978,2022
366,23495.266,2022
367,16085.119,2022
368,11270.486,2022
369,32039.701,2022
370,20353.188,2022
371,33361.1,2022
372,27626.297,2022
373,16089.093,2022
374,15322.539,2022
375,20519.14,2022
376,35595.68,2022
377,4.055522,2022
378,28887.738,2022
379,33342.05,2022
380,34111.68,2022
381,30860.361,2022
382,20424.783,2022
383,10196.368,2022
384,32422.94,2022
385,47938.977,2022
386,19531.758,2022
387,22109.344,2022
388,21864.04,2022
389,39948.92,2022
390,28411.33,2022
391,32855.727,2022
392,17422.557,2022
393,32361.65,2022
394,20859.41,2022
395,180.05615,2022
396,15746.95,2022
397,13285.35,2022
398,15297.455,2022
399,21607.852,2022
400,37699.86,2022
401,15084.453,2022
402,17089.273,2022
403,42387.375,2022
404,19998.2,2022
405,20638.758,2022
406,34871.094,2022
407,21285.05,2022
408,42111.977,2022
409,17233.197,2022
410,14660.131,2022
411,18871.613,2022
412,30407.162,2022
413,21289.578,2022
414,27817.918,2022
415,31683.645,2022
416,445.51196,2022
417,20705.432,2022
418,30918.984,2022
419,216.54184,2022
420,14382.105,2022
421,12337.136,2022
422,15899.617,2022
423,59455.47,2022
424,24460.352,2022
425,16282.597,2022
426,30245.781,2022
427,19769.852,2022
428,32839.844,2022
429,23102.213,2022
430,20443.393,2022
431,27766.63,2022
432,35688.305,2022
433,19771.85,2022
434,11583.489,2022
435,17759.648,2022
436,19561.322,2022
437,27391.943,2022
438,31088.107,2022
439,424.17014,2022
440,38306.332,2022
441,19599.004,2022
442,19946.068,2022
443,23677.645,2022
444,33684.184,2022
445,23414.002,2022
446,14126.68,2022
447,38991.734,2022
448,644.27386,2022
449,31233.365,2022
450,17225.969,2022
451,28411.791,2022
452,31089.59,2022
453,1.8975326,2022
454,21718.96,2022
455,25339.568,2022
456,28690.281,2022
457,20135.164,2022
458,38000.656,2022
459,12522.959,2022
460,310.6782,2022
461,23125.05,2022
462,28758.107,2022
463,57624.676,2022
464,33189.2,2022
465,14955.936,2022
466,27191.326,2022
467,141.97923,2022
468,25511.459,2022
469,12873.386,2022
470,13580.171,2022
471,29323.492,2022
472,14079.673,2022
473,11401.893,2022
474,21631.832,2022
475,15298.958,2022
476,20330.53,2022
477,15039.551,2022
478,14514.036,2022
479,456.71527,2022
480,28166.852,2022
481,193.97751,2022
482,25117.785,2022
483,39444.547,2022
484,12461.152,2022
485,16603.14,2022
486,19769.494,2022
487,11536.185,2022
488,30628.791,2022
489,13145.418,2022
490,30474.514,2022
491,28261.781,2022
492,21656.188,2022
493,25666.959,2022
494,17255.416,2022
495,23413.645,2022
496,18880.525,2022
497,13938.551,2022
498,17023.04,2022
499,16528.225,2022
500,15878.191,2022
501,20137.16,2022
502,28534.826,2022
503,24002.166,2022
504,24549.156,2022
505,19720.402,2022
506,20814.66,2022
507,13446.607,2022
508,6.944784,2022
509,30219.543,2022
510,19533.508,2022
511,15004.48,2022
512,17013.658,2022
513,2.3120635,2022
514,44606.168,2022
515,11175.934,2022
516,15768.35,2022
517,20436.182,2022
518,250.09016,2022
519,19289.54,2022
520,11964.109,2022
521,27005.979,2022
522,16634.76,2022
523,51278.508,2022
524,20555.375,2022
525,23044.76,2022
526,39815.305,2022
527,16726.373,2022
528,14379.801,2022
529,25563.262,2022
530,14864.973,2022
531,30155.516,2022
532,19926.96,2022
533,20322.059,2022
534,33822.83,2022
535,23528.473,2022
536,11514.366,2022
537,22029.785,2022
538,29154.096,2022
539,43302.484,2022
540,39317.684,2022
541,22122.547,2022
542,19091.445,2022
543,11647.795,2022
544,25984.799,2022
545,21864.02,2022
546,22854.785,2022
547,18151.77,2022
548,20039.055,2022
549,35566.43,2022
550,29321.34,2022
551,65834.555,2022
552,26659.117,2022
553,6.364227,2022
554,16520.346,2022
555,37020.64,2022
556,19282.566,2022
557,18791.408,2022
558,26598.828,2022
559,29900.393,2022
560,26578.139,2022
561,15970.13,2022
562,27961.2,2022
563,26970.77,2022
564,3.1112814,2022
565,30858.566,2022
566,15096.888,2022
567,12759.179,2022
568,33701.664,2022
569,14769.871,2022
570,11852.0,2022
571,12050.404,2022
572,26244.504,2022
573,50669.543,2022
574,19903.98,2022
575,13589.3955,2022
576,9594.875,2022
577,18707.814,2022
578,11342.438,2022
579,16832.418,2022
580,27590.78,2022
581,12039.41,2022
582,13919.077,2022
583,28632.17,2022
584,20013.826,2022
585,14141.035,2022
586,62373.656,2022
587,18815.977,2022
588,12124.514,2022
589,14574.372,2022
590,6.014063,2022
591,23346.086,2022
592,18732.72,2022
593,27222.02,2022
594,27113.021,2022
595,13779.236,2022
596,12982.113,2022
597,31276.139,2022
598,19636.197,2022
599,12038.516,2022
600,21874.656,2022
601,28480.045,2022
602,25642.713,2022
603,13467.654,2022
604,20303.771,2022
605,35161.02,2022
606,23230.309,2022
607,19682.9,2022
608,38149.02,2022
609,21814.887,2022
610,25266.139,2022
611,14666.214,2022
612,20825.66,2022
613,31012.982,2022
614,21697.078,2022
615,22043.762,2022
616,33585.676,2022
617,30412.121,2022
618,19364.334,2022
619,14096.951,2022
620,29492.832,2022
621,21979.295,2022
622,33972.176,2022
623,28860.754,2022
624,12653.803,2022
625,28017.762,2022
626,26117.418,2022
627,36127.38,2022
628,27979.898,2022
629,45165.297,2022
630,1.1344513,2022
631,19439.234,2022
632,409.74435,2022
633,21147.543,2022
634,26681.906,2022
635,49476.812,2022
636,210.02852,2022
637,30717.805,2022
638,14573.677,2022
639,26783.12,2022
640,22215.445,2022
641,19968.338,2022
642,16502.709,2022
643,31235.54,2022
644,17441.926,2022
645,24128.922,2022
646,20512.234,2022
647,17620.467,2022
648,19573.152,2022
649,26848.152,2022
650,38683.395,2022
651,13239.211,2022
652,31528.416,2022
653,27390.09,2022
654,13124.324,2022
655,15579.947,2022
656,21427.986,2022
657,26634.594,2022
658,27222.203,2022
659,36113.258,2022
660,12818.624,2022
661,23207.457,2022
662,28651.508,2022
663,17531.344,2022
664,13511.613,2022
665,17375.053,2022
666,19218.514,2022
667,19642.152,2022
668,20612.164,2022
669,17817.105,2022
670,11574.303,2022
671,14832.756,2022
672,29382.137,2022
673,31133.77,2022
674,24199.186,2022
675,13734.944,2022
676,25335.582,2022
677,26633.705,2022
678,13134.892,2022
679,10926.553,2022
680,22300.543,2022
681,17111.307,2022
682,23251.61,2022
683,28372.557,2022
684,445.7198,2022
685,28928.9,2022
686,187.40465,2022
687,27203.414,2022
688,29638.21,2022
689,30758.787,2022
690,33789.1,2022
691,42661.2,2022
692,18832.906,2022
693,15169.813,2022
694,19995.836,2022
695,23666.809,2022
696,20669.525,2022
697,25674.28,2022
698,14627.466,2022
699,20118.867,2022
700,15841.996,2022
701,39063.234,2022
702,26841.342,2022
703,24961.064,2022
704,34325.625,2022
705,14066.613,2022
706,20793.984,2022
707,19154.252,2022
708,15529.971,2022
709,17760.986,2022
710,14278.296,2022
711,15626.195,2022
712,23307.133,2022
713,37811.266,2022
714,16252.065,2022
715,15954.846,2022
716,4.413098,2022
717,44818.305,2022
718,24948.547,2022
719,28659.46,2022
720,11798.533,2022
721,27314.078,2022
722,31670.988,2022
723,57040.9,2022
724,27172.662,2022
725,21862.164,2022
726,27597.938,2022
727,15775.254,2022
728,19163.7,2022
729,18124.336,2022
730,32102.277,2022
731,27871.027,2022
732,12410.535,2022
733,30348.816,2022
734,27474.303,2022
735,15603.144,2022
736,23455.93,2022
737,28128.01,2022
738,30101.184,2022
739,42253.984,2022
740,20226.332,2022
741,23768.979,2022
742,28056.13,2022
743,22992.71,2022
744,22658.186,2022
745,42688.63,2022
746,20104.559,2022
747,12856.197,2022
748,21512.633,2022
749,22973.861,2022
750,17427.41,2022
751,8917.27,2022
752,20157.336,2022
753,36181.062,2022
754,19043.402,2022
755,24022.799,2022
756,22857.531,2022
757,30293.816,2022
758,37040.805,2022
759,20494.244,2022
760,49444.17,2022
761,17777.71,2022
762,18180.822,2022
763,20151.436,2022
764,198.97394,2022
765,70912.555,2022
766,17985.812,2022
767,42980.992,2022
768,25757.246,2022
769,17790.025,2022
770,17901.396,2022
771,2.296238,2022
772,25540.816,2022
773,32028.795,2022
774,20755.61,2022
775,36124.312,2022
776,11055.953,2022
777,33630.484,2022
778,17405.734,2022
779,45240.438,2022
780,11641.931,2022
781,31057.29,2022
782,18018.793,2022
783,34036.906,2022
784,38052.477,2022
785,16510.266,2022
786,14571.912,2022
787,32002.658,2022
788,7163.0205,2022
789,24171.83,2022
790,16260.965,2022
791,20241.924,2022
792,20310.375,2022
793,12274.572,2022
794,35390.89,2022
795,13930.657,2022
796,15015.56,2022
797,22482.48,2022
798,19088.186,2022
799,30682.35,2022
800,17386.805,2022
801,15780.099,2022
802,39593.344,2022
803,23544.994,2022
804,11152.329,2022
805,13921.36,2022
806,35590.113,2022
807,19880.836,2022
808,22323.354,2022
809,14940.91,2022
810,30413.805,2022
811,24048.379,2022
812,10525.946,2022
813,24258.477,2022
814,21575.379,2022
815,21975.459,2022
816,5.060506,2022
817,29137.225,2022
818,22466.705,2022
819,11003.118,2022
820,26740.574,2022
821,18952.29,2022
822,23976.2,2022
823,45581.914,2022
824,14656.217,2022
825,30780.824,2022
826,22114.236,2022
827,20048.537,2022
828,35132.094,2022
829,10162.701,2022
830,41290.055,2022
831,15918.598,2022
832,32349.092,2022
833,26556.602,2022
834,24299.39,2022
835,27480.486,2022
0,24179.393,2023
1,28893.441,2023
2,10953.617,2023
3,30956.455,2023
4,17059.572,2023
5,47172.938,2023
6,24700.982,2023
7,16974.857,2023
8,16450.84,2023
9,19293.217,2023
10,18268.002,2023
11,20894.252,2023
12,18617.438,2023
13,45708.242,2023
14,161.90819,2023
15,30717.102,2023
16,26782.25,2023
17,18160.34,2023
18,8391.944,2023
19,14280.856,2023
20,13910.332,2023
21,16832.08,2023
22,18217.01,2023
23,16694.197,2023
24,17889.365,2023
25,20430.004,2023
26,69557.83,2023
27,13653.725,2023
28,19066.863,2023
29,18081.277,2023
30,24727.615,2023
31,49169.37,2023
32,1.5190686,2023
33,43927.598,2023
34,25971.049,2023
35,31001.213,2023
36,15380.295,2023
37,15239.851,2023
38,19658.307,2023
39,18376.896,2023
40,16204.568,2023
41,19885.537,2023
42,26253.967,2023
43,17812.246,2023
44,18443.053,2023
45,2.9158506,2023
46,11682.66,2023
47,30690.982,2023
48,11679.251,2023
49,20407.824,2023
50,236.61255,2023
51,25655.164,2023
52,9567.244,2023
53,15108.007,2023
54,20463.387,2023
55,14159.199,2023
56,27456.805,2023
57,32362.885,2023
58,33453.973,2023
59,18768.79,2023
60,15850.883,2023
61,10729.53,2023
62,18270.492,2023
63,58758.867,2023
64,26334.31,2023
65,16678.205,2023
66,12873.853,2023
67,39731.973,2023
68,21111.717,2023
69,23271.686,2023
70,11146.545,2023
71,28043.744,2023
72,32082.17,2023
73,28928.182,2023
74,18770.883,2023
75,23605.541,2023
76,30683.14,2023
77,233.58868,2023
78,35748.902,2023
79,15424.347,2023
80,18339.012,2023
81,22658.379,2023
82,17723.12,2023
83,14419.846,2023
84,23968.152,2023
85,22164.846,2023
86,18953.445,2023
87,15900.679,2023
88,28711.248,2023
89,14562.8125,2023
90,268.13107,2023
91,13810.126,2023
92,26605.754,2023
93,35365.79,2023
94,19503.52,2023
95,17691.305,2023
96,15920.374,2023
97,18920.992,2023
98,18035.727,2023
99,16360.299,2023
100,40087.074,2023
101,23190.045,2023
102,25673.62,2023
103,17384.566,2023
104,3.172294,2023
105,28136.541,2023
106,31599.365,2023
107,33325.36,2023
108,21876.074,2023
109,38350.816,2023
110,22339.176,2023
111,11862.776,2023
112,21122.27,2023
113,13445.107,2023
114,42267.004,2023
115,16680.846,2023
116,16056.566,2023
117,18287.82,2023
118,24329.441,2023
119,10877.656,2023
120,22444.625,2023
121,53517.96,2023
122,240.55696,2023
123,50561.418,2023
124,21003.613,2023
125,8280.32,2023
126,11604.11,2023
127,13567.382,2023
128,19023.525,2023
129,12605.576,2023
130,30469.574,2023
131,25928.21,2023
132,24340.441,2023
133,36382.3,2023
134,19968.604,2023
135,20494.498,2023
136,31070.562,2023
137,23362.59,2023
138,19336.91,2023
139,28731.27,2023
140,36199.254,2023
141,20537.484,2023
142,20811.701,2023
143,29627.924,2023
144,14051.248,2023
145,28069.887,2023
146,35514.367,2023
147,22730.863,2023
148,30490.822,2023
149,13205.781,2023
150,14972.462,2023
151,17132.926,2023
152,18096.184,2023
153,18206.555,2023
154,21923.232,2023
155,29689.414,2023
156,31992.74,2023
157,21775.104,2023
158,59284.477,2023
159,11750.63,2023
160,10163.477,2023
161,37428.176,2023
162,19670.047,2023
163,32769.484,2023
164,23880.082,2023
165,11376.78,2023
166,17591.79,2023
167,24211.697,2023
168,33013.902,2023
169,20846.066,2023
170,33419.727,2023
171,36336.22,2023
172,18485.084,2023
173,25400.273,2023
174,29103.898,2023
175,17856.826,2023
176,16022.975,2023
177,12329.42,2023
178,8914.302,2023
179,22459.379,2023
180,17940.38,2023
181,32055.135,2023
182,19009.615,2023
183,15049.637,2023
184,12682.182,2023
185,19481.678,2023
186,11333.896,2023
187,25476.715,2023
188,16471.97,2023
189,43357.32,2023
190,20607.113,2023
191,26113.557,2023
192,49290.17,2023
193,22346.656,2023
194,21849.053,2023
195,9415.335,2023
196,17862.855,2023
197,26923.047,2023
198,14922.07,2023
199,27709.018,2023
200,17635.984,2023
201,24606.254,2023
202,3.599181,2023
203,14963.782,2023
204,74627.01,2023
205,14555.953,2023
206,42952.516,2023
207,15511.883,2023
208,21246.7,2023
209,2.8375895,2023
210,27311.629,2023
211,34652.625,2023
212,47037.54,2023
213,415.95544,2023
214,25603.885,2023
215,20975.91,2023
216,18879.93,2023
217,16889.162,2023
218,17506.033,2023
219,31003.934,2023
220,72230.54,2023
221,15510.847,2023
222,19897.07,2023
223,21876.93,2023
224,22490.992,2023
225,19016.307,2023
226,21289.617,2023
227,30985.34,2023
228,26063.125,2023
229,24154.547,2023
230,15196.862,2023
231,25009.102,2023
232,21067.73,2023
233,6770.7803,2023
234,42666.242,2023
235,22097.791,2023
236,15485.218,2023
237,34790.875,2023
238,9374.729,2023
239,13808.216,2023
240,1.7545972,2023
241,26637.744,2023
242,63262.56,2023
243,16716.008,2023
244,35695.418,2023
245,40164.145,2023
246,24222.066,2023
247,23084.617,2023
248,25757.37,2023
249,18496.547,2023
250,32401.086,2023
251,20442.477,2023
252,46013.562,2023
253,40805.664,2023
254,7988.123,2023
255,61745.773,2023
256,25909.5,2023
257,22580.334,2023
258,27311.55,2023
259,19290.365,2023
260,14579.446,2023
261,18402.818,2023
262,25713.682,2023
263,22781.95,2023
264,31681.047,2023
265,24533.383,2023
266,17986.412,2023
267,39438.906,2023
268,8994.78,2023
269,12919.482,2023
270,371.25854,2023
271,29294.674,2023
272,31390.197,2023
273,17669.502,2023
274,5877.4307,2023
275,16280.889,2023
276,19341.521,2023
277,20189.35,2023
278,18996.93,2023
279,9817.055,2023
280,25291.402,2023
281,20431.992,2023
282,20568.08,2023
283,22749.016,2023
284,228.0087,2023
285,27538.125,2023
286,14046.157,2023
287,11269.186,2023
288,8762.784,2023
289,50907.363,2023
290,25627.58,2023
291,22120.543,2023
292,30723.723,2023
293,23795.809,2023
294,29694.03,2023
295,14140.374,2023
296,22528.969,2023
297,25752.432,2023
298,36711.496,2023
299,16747.809,2023
300,15770.771,2023
301,26501.701,2023
302,37485.188,2023
303,15887.507,2023
304,18537.729,2023
305,19167.994,2023
306,31380.2,2023
307,7832.6997,2023
308,17743.734,2023
309,38256.973,2023
310,33249.996,2023
311,32908.19,2023
312,11438.421,2023
313,15857.596,2023
314,17003.7,2023
315,23113.805,2023
316,28551.023,2023
317,30577.336,2023
318,19924.473,2023
319,10096.364,2023
320,14700.858,2023
321,20803.05,2023
322,5365.581,2023
323,10039.935,2023
324,22875.305,2023
325,25678.785,2023
326,34228.73,2023
327,45176.93,2023
328,23691.738,2023
329,25263.873,2023
330,29244.848,2023
331,16595.953,2023
332,25775.135,2023
333,12580.512,2023
334,19815.494,2023
335,21012.41,2023
336,10335.033,2023
337,16868.574,2023
338,39280.203,2023
339,19033.053,2023
340,24631.682,2023
341,21834.326,2023
342,15211.972,2023
343,18184.69,2023
344,21073.777,2023
345,20487.736,2023
346,18493.76,2023
347,15989.377,2023
348,13672.645,2023
349,28782.252,2023
350,21199.115,2023
351,23681.506,2023
352,25522.07,2023
353,21500.203,2023
354,20232.775,2023
355,63739.945,2023
356,13385.386,2023
357,143.82391,2023
358,14643.07,2023
359,21492.824,2023
360,35977.266,2023
361,30622.598,2023
362,43226.113,2023
363,28314.387,2023
364,14954.523,2023
365,23252.518,2023
366,17779.441,2023
367,17873.232,2023
368,18983.674,2023
369,16649.219,2023
370,18101.154,2023
371,24299.344,2023
372,16155.237,2023
373,13704.68,2023
374,33824.6,2023
375,27556.96,2023
376,18023.244,2023
377,2.9479795,2023
378,22988.105,2023
379,14975.875,2023
380,19013.115,2023
381,12745.631,2023
382,16761.998,2023
383,16918.47,2023
384,27242.227,2023
385,30326.48,2023
386,27149.04,2023
387,13529.872,2023
388,17262.146,2023
389,30715.549,2023
390,15546.196,2023
391,25276.768,2023
392,25875.227,2023
393,27754.162,2023
394,17678.098,2023
395,160.80556,2023
396,28429.328,2023
397,22468.227,2023
398,28615.492,2023
399,10929.398,2023
400,17949.861,2023
401,28913.564,2023
402,22796.902,2023
403,23860.574,2023
404,32792.34,2023
405,12658.944,2023
406,21131.96,2023
407,24915.021,2023
408,17776.271,2023
409,28497.57,2023
410,16781.367,2023
411,33285.402,2023
412,30896.64,2023
413,30578.795,2023
414,16849.441,2023
415,24915.734,2023
416,379.38116,2023
417,16115.583,2023
418,16099.622,2023
419,303.78394,2023
420,33014.723,2023
421,18010.512,2023
422,25127.992,2023
423,19438.547,2023
424,20757.31,2023
425,21101.229,2023
426,22746.129,2023
427,20643.482,2023
428,13120.932,2023
429,27535.078,2023
430,18939.387,2023
431,22961.748,2023
432,9484.041,2023
433,28567.229,2023
434,12899.316,2023
435,23549.934,2023
436,24087.01,2023
437,25397.8,2023
438,22519.453,2023
439,178.6909,2023
440,25186.363,2023
441,21290.998,2023
442,17111.176,2023
443,18687.363,2023
444,15928.666,2023
445,14127.663,2023
446,17858.0,2023
447,15274.4375,2023
448,115.89201,2023
449,13081.4375,2023
450,15986.084,2023
451,28184.883,2023
452,18753.33,2023
453,1.3100481,2023
454,30067.701,2023
455,30029.416,2023
456,16149.2295,2023
457,10034.287,2023
458,18240.043,2023
459,11663.557,2023
460,438.69678,2023
461,33108.902,2023
462,23385.795,2023
463,14968.336,2023
464,20384.541,2023
465,37999.71,2023
466,19621.652,2023
467,180.61243,2023
468,18968.58,2023
469,42141.99,2023
470,20323.125,2023
471,10676.046,2023
472,23653.902,2023
473,26192.371,2023
474,26196.943,2023
475,36215.24,2023
476,17182.883,2023
477,15996.76,2023
478,19290.31,2023
479,255.57324,2023
480,27071.605,2023
481,202.28568,2023
482,27051.887,2023
483,9625.027,2023
484,9364.274,2023
485,15288.369,2023
486,38164.34,2023
487,31288.52,2023
488,34822.742,2023
489,21695.527,2023
490,27685.191,2023
491,15182.681,2023
492,23140.207,2023
493,28823.234,2023
494,17494.5,2023
495,46310.85,2023
496,12650.002,2023
497,19547.074,2023
498,7444.7764,2023
499,30169.756,2023
500,16510.8,2023
501,13834.143,2023
502,14169.992,2023
503,29012.697,2023
504,36036.812,2023
505,32084.16,2023
506,25942.334,2023
507,31395.285,2023
508,3.761746,2023
509,17416.229,2023
510,33920.25,2023
511,15086.799,2023
512,26935.682,2023
513,3.299243,2023
514,22442.785,2023
515,27152.922,2023
516,11455.189,2023
517,20394.36,2023
518,166.9453,2023
519,33263.285,2023
520,19545.098,2023
521,13888.54,2023
522,14259.667,2023
523,27744.74,2023
524,33973.02,2023
525,17481.059,2023
526,15686.247,2023
527,15248.035,2023
528,43612.86,2023
529,19488.387,2023
530,28382.488,2023
531,39184.684,2023
532,26330.719,2023
533,31468.576,2023
534,34808.797,2023
535,15479.268,2023
536,31102.639,2023
537,10937.959,2023
538,17970.93,2023
539,30384.523,2023
540,15715.086,2023
541,32988.695,2023
542,42321.414,2023
543,7541.5615,2023
544,29574.936,2023
545,20780.287,2023
546,17715.361,2023
547,22066.203,2023
548,23740.594,2023
549,30520.904,2023
550,19095.633,2023
551,22143.781,2023
552,26556.5,2023
553,7.473109,2023
554,28890.824,2023
555,20133.8,2023
556,17534.705,2023
557,26730.502,2023
558,23902.297,2023
559,28881.898,2023
560,19120.143,2023
561,25005.5,2023
562,20526.812,2023
563,39398.832,2023
564,3.228985,2023
565,28271.215,2023
566,21968.922,2023
567,30228.709,2023
568,12041.432,2023
569,21640.477,2023
570,25398.285,2023
571,21891.852,2023
572,16402.291,2023
573,20943.688,2023
574,13260.578,2023
575,18382.646,2023
576,20925.92,2023
577,51086.87,2023
578,20893.217,2023
579,10997.558,2023
580,22595.09,2023
581,19215.123,2023
582,10107.395,2023
583,17599.775,2023
584,16599.91,2023
585,19477.441,2023
586,10328.619,2023
587,22087.867,2023
588,13913.98,2023
589,17601.941,2023
590,2.3009202,2023
591,43932.125,2023
592,57762.723,2023
593,33975.387,2023
594,17731.588,2023
595,24424.64,2023
596,20273.857,2023
597,39640.72,2023
598,13779.946,2023
599,40911.027,2023
600,24999.182,2023
601,14494.007,2023
602,30400.176,2023
603,23687.875,2023
604,37485.08,2023
605,16168.986,2023
606,26809.62,2023
607,26767.312,2023
608,18486.107,2023
609,30047.463,2023
610,15923.669,2023
611,38152.44,2023
612,15509.397,2023
613,16162.635,2023
614,15880.402,2023
615,21693.168,2023
616,18311.783,2023
617,22457.559,2023
618,25259.803,2023
619,19762.953,2023
620,25534.145,2023
621,24558.57,2023
622,26515.125,2023
623,16118.749,2023
624,58364.297,2023
625,22079.443,2023
626,18378.562,2023
627,19727.738,2023
628,21393.193,2023
629,39070.836,2023
630,6.048475,2023
631,22934.107,2023
632,316.13605,2023
633,21303.916,2023
634,22985.191,2023
635,12883.862,2023
636,296.37897,2023
637,46616.957,2023
638,15138.813,2023
639,43391.445,2023
640,18056.154,2023
641,18790.906,2023
642,28750.127,2023
643,23873.957,2023
644,15698.474,2023
645,17594.17,2023
646,27892.672,2023
647,12748.523,2023
648,24188.271,2023
649,28113.232,2023
650,18936.154,2023
651,25997.291,2023
652,20951.2,2023
653,24781.205,2023
654,17233.543,2023
655,16988.17,2023
656,19698.035,2023
657,13946.954,2023
658,19656.62,2023
659,27769.914,2023
660,46343.33,2023
661,28692.771,2023
662,16644.852,2023
663,35977.062,2023
664,22636.2,2023
665,14035.94,2023
666,26753.889,2023
667,12556.096,2023
668,14464.429,2023
669,11613.797,2023
670,21655.465,2023
671,13361.167,2023
672,15527.216,2023
673,27018.756,2023
674,31896.625,2023
675,21770.285,2023
676,11149.32,2023
677,10368.54,2023
678,23154.576,2023
679,34389.582,2023
680,19543.328,2023
681,36033.34,2023
682,7784.5854,2023
683,34324.707,2023
684,279.46295,2023
685,27646.592,2023
686,177.83806,2023
687,16793.23,2023
688,18291.535,2023
689,15493.283,2023
690,27187.541,2023
691,15098.327,2023
692,34836.46,2023
693,32584.75,2023
694,22539.605,2023
695,29355.754,2023
696,33689.227,2023
697,30379.945,2023
698,20061.943,2023
699,17546.215,2023
700,17442.674,2023
701,50720.984,2023
702,25532.025,2023
703,41390.08,2023
704,18363.355,2023
705,27594.043,2023
706,12178.935,2023
707,30285.469,2023
708,23334.2,2023
709,18159.111,2023
710,23864.441,2023
711,26521.244,2023
712,21872.986,2023
713,21899.975,2023
714,46201.01,2023
715,20875.43,2023
716,2.4585032,2023
717,19610.445,2023
718,32505.295,2023
719,42248.305,2023
720,17058.076,2023
721,22294.398,2023
722,28054.15,2023
723,18190.275,2023
724,19205.139,2023
725,23677.938,2023
726,15769.628,2023
727,7751.937,2023
728,13187.545,2023
729,14996.87,2023
730,23535.61,2023
731,16400.242,2023
732,24532.188,2023
733,19195.434,2023
734,14414.305,2023
735,21984.285,2023
736,18233.156,2023
737,12058.945,2023
738,60725.277,2023
739,43742.656,2023
740,24361.809,2023
741,27765.996,2023
742,30373.688,2023
743,35492.324,2023
744,28161.695,2023
745,14449.773,2023
746,13932.955,2023
747,26428.38,2023
748,17412.176,2023
749,19400.951,2023
750,39013.31,2023
751,27399.076,2023
752,13401.723,2023
753,18309.059,2023
754,15095.722,2023
755,13710.812,2023
756,19179.643,2023
757,13656.941,2023
758,13193.433,2023
759,17508.137,2023
760,21565.137,2023
761,19603.023,2023
762,16960.295,2023
763,22244.148,2023
764,109.63189,2023
765,23849.36,2023
766,34638.453,2023
767,20172.22,2023
768,34372.24,2023
769,18647.2,2023
770,30489.746,2023
771,2.8267496,2023
772,25278.164,2023
773,31962.428,2023
774,20440.762,2023
775,36420.56,2023
776,18548.656,2023
777,18778.85,2023
778,28570.797,2023
779,14325.652,2023
780,20622.133,2023
781,24997.68,2023
782,34696.344,2023
783,22151.174,2023
784,46355.04,2023
785,25534.559,2023
786,12731.672,2023
787,10491.791,2023
788,30900.0,2023
789,16100.252,2023
790,14088.121,2023
791,19971.498,2023
792,31080.727,2023
793,27019.014,2023
794,46939.586,2023
795,15336.15,2023
796,14688.358,2023
797,23367.36,2023
798,25384.168,2023
799,29158.266,2023
800,13414.011,2023
801,35877.082,2023
802,24175.334,2023
803,25733.11,2023
804,33502.727,2023
805,23123.152,2023
806,7683.6855,2023
807,14061.0205,2023
808,11391.394,2023
809,23753.275,2023
810,25032.438,2023
811,21463.062,2023
812,58298.543,2023
813,37914.176,2023
814,19539.844,2023
815,23849.7,2023
816,2.9578493,2023
817,46007.242,2023
818,21059.232,2023
819,18266.172,2023
820,27410.785,2023
821,16264.206,2023
822,31877.861,2023
823,27187.902,2023
824,34383.94,2023
825,30523.64,2023
826,11485.238,2023
827,18104.262,2023
828,10941.662,2023
829,52612.07,2023
830,22675.717,2023
831,8876.915,2023
832,16648.154,2023
833,13356.822,2023
834,27792.807,2023
835,35518.297,2023
0,29326.541,2024
1,14198.236,2024
2,34535.836,2024
3,15501.812,2024
4,8467.399,2024
5,30836.648,2024
6,37004.613,2024
7,23836.738,2024
8,18460.068,2024
9,12559.629,2024
10,41931.32,2024
11,16009.503,2024
12,22570.129,2024
13,43122.93,2024
14,163.32455,2024
15,24633.137,2024
16,24640.938,2024
17,20809.023,2024
18,11395.24,2024
19,22486.531,2024
20,18601.162,2024
21,10121.546,2024
22,20766.3,2024
23,14714.239,2024
24,30982.682,2024
25,17912.412,2024
26,21772.736,2024
27,27470.766,2024
28,30114.506,2024
29,21718.03,2024
30,34046.258,2024
31,19510.924,2024
32,3.4815335,2024
33,53253.215,2024
34,43292.7,2024
35,17141.719,2024
36,16165.518,2024
37,33506.113,2024
38,31769.453,2024
39,19012.844,2024
40,28577.283,2024
41,26121.502,2024
42,32672.219,2024
43,27141.867,2024
44,31755.035,2024
45,4.177387,2024
46,14637.458,2024
47,29715.531,2024
48,10571.397,2024
49,26654.746,2024
50,264.22055,2024
51,20690.746,2024
52,28601.549,2024
53,20355.77,2024
54,23886.53,2024
55,19531.254,2024
56,16497.848,2024
57,9248.877,2024
58,25066.742,2024
59,29066.535,2024
60,24442.957,2024
61,19388.615,2024
62,24910.91,2024
63,52108.582,2024
64,16711.113,2024
65,24557.703,2024
66,12169.031,2024
67,26416.21,2024
68,9808.539,2024
69,20346.92,2024
70,15754.011,2024
71,38406.96,2024
72,28392.803,2024
73,26224.94,2024
74,15379.987,2024
75,18152.34,2024
76,19386.525,2024
77,189.60504,2024
78,23073.457,2024
79,41934.0,2024
80,13511.91,2024
81,16286.619,2024
82,39687.89,2024
83,34270.02,2024
84,19695.031,2024
85,13536.066,2024
86,39067.37,2024
87,27454.945,2024
88,16808.436,2024
89,19451.344,2024
90,177.70354,2024
91,32568.283,2024
92,31106.732,2024
93,17639.87,2024
94,39639.32,2024
95,27607.465,2024
96,20103.697,2024
97,26614.23,2024
98,38490.016,2024
99,41364.86,2024
100,20598.762,2024
101,19954.29,2024
102,20564.158,2024
103,55455.07,2024
104,3.1606085,2024
105,17085.184,2024
106,27308.348,2024
107,17077.805,2024
108,9899.742,2024
109,22625.883,2024
110,39686.793,2024
111,7113.2314,2024
112,20613.207,2024
113,20880.826,2024
114,13398.183,2024
115,23581.082,2024
116,13648.23,2024
117,12490.195,2024
118,21477.17,2024
119,40377.445,2024
120,19563.914,2024
121,13458.372,2024
122,251.28877,2024
123,24643.29,2024
124,27164.732,2024
125,25701.938,2024
126,42797.465,2024
127,16108.791,2024
128,39219.977,2024
129,67014.69,2024
130,15639.628,2024
131,31082.477,2024
132,30455.252,2024
133,12616.207,2024
134,15823.786,2024
135,31019.578,2024
136,32167.34,2024
137,31345.086,2024
138,9881.123,2024
139,27702.49,2024
140,21184.908,2024
141,22200.45,2024
142,15534.784,2024
143,18868.338,2024
144,38485.867,2024
145,41371.727,2024
146,17335.164,2024
147,10584.512,2024
148,37390.715,2024
149,15972.095,2024
150,18132.963,2024
151,22294.227,2024
152,22456.443,2024
153,19783.355,2024
154,13039.973,2024
155,23079.73,2024
156,27423.205,2024
157,30435.479,2024
158,21308.691,2024
159,23544.254,2024
160,22674.03,2024
161,17771.033,2024
162,23436.521,2024
163,24394.262,2024
164,20760.42,2024
165,26756.67,2024
166,21850.115,2024
167,12026.031,2024
168,16472.285,2024
169,14054.947,2024
170,30634.691,2024
171,19447.818,2024
172,16305.563,2024
173,11041.307,2024
174,19215.215,2024
175,19342.24,2024
176,18271.836,2024
177,20655.416,2024
178,14648.099,2024
179,14507.006,2024
180,10719.374,2024
181,23183.477,2024
182,22977.98,2024
183,16913.533,2024
184,22332.19,2024
185,12047.474,2024
186,21219.828,2024
187,29478.969,2024
188,22769.156,2024
189,20352.2,2024
190,22565.266,2024
191,14902.588,2024
192,18166.473,2024
193,37624.758,2024
194,25377.367,2024
195,24584.533,2024
196,18398.22,2024
197,18487.992,2024
198,13687.987,2024
199,17342.887,2024
200,18270.545,2024
201,13967.319,2024
202,1.5431657,2024
203,21818.59,2024
204,39746.336,2024
205,28185.393,2024
206,24661.955,2024
207,14850.761,2024
208,21865.457,2024
209,4.6232333,2024
210,15729.39,2024
211,47988.383,2024
212,17521.467,2024
213,258.80197,2024
214,11121.157,2024
215,23024.988,2024
216,15134.901,2024
217,44549.586,2024
218,9292.766,2024
219,30570.775,2024
220,41006.805,2024
221,35217.566,2024
222,46688.008,2024
223,32650.79,2024
224,14066.788,2024
225,15933.148,2024
226,13037.573,2024
227,29684.232,2024
228,21604.371,2024
229,16772.729,2024
230,26603.574,2024
231,28106.316,2024
232,22961.025,2024
233,41289.426,2024
234,12057.738,2024
235,62821.93,2024
236,14723.447,2024
237,16385.062,2024
238,14592.438,2024
239,38462.64,2024
240,1.9796189,2024
241,22871.814,2024
242,52601.484,2024
243,22709.824,2024
244,12210.266,2024
245,17542.482,2024
246,33577.574,2024
247,33306.965,2024
248,21533.754,2024
249,23671.098,2024
250,25218.787,2024
251,27959.227,2024
252,19916.094,2024
253,8830.8125,2024
254,44862.395,2024
255,41044.758,2024
256,23617.137,2024
257,34305.008,2024
258,18972.777,2024
259,32534.043,2024
260,16393.645,2024
261,19904.037,2024
262,29824.723,2024
263,23848.768,2024
264,48547.617,2024
265,17742.668,2024
266,17199.654,2024
267,55470.777,2024
268,14085.381,2024
269,29613.432,2024
270,358.44797,2024
271,22847.266,2024
272,12102.126,2024
273,16603.014,2024
274,18283.775,2024
275,19208.912,2024
276,25194.893,2024
277,26838.96,2024
278,16736.584,2024
279,18964.348,2024
280,12631.003,2024
281,11899.442,2024
282,25014.992,2024
283,20221.53,2024
284,414.63635,2024
285,24376.355,2024
286,12580.068,2024
287,24188.525,2024
288,30271.752,2024
289,34084.723,2024
290,18725.754,2024
291,24487.496,2024
292,13409.406,2024
293,14330.585,2024
294,16235.645,2024
295,23261.7,2024
296,14363.491,2024
297,24705.059,2024
298,22739.623,2024
299,34185.77,2024
300,13382.565,2024
301,19175.82,2024
302,19648.316,2024
303,28162.77,2024
304,17799.41,2024
305,19709.78,2024
306,33217.54,2024
307,37334.203,2024
308,14314.549,2024
309,14338.623,2024
310,18518.414,2024
311,10646.297,2024
312,29056.004,2024
313,19552.09,2024
314,48273.336,2024
315,16307.601,2024
316,20334.777,2024
317,30110.744,2024
318,29525.336,2024
319,28435.564,2024
320,33692.28,2024
321,18179.557,2024
322,25286.846,2024
323,14061.369,2024
324,34925.94,2024
325,24292.973,2024
326,17637.615,2024
327,22342.756,2024
328,20296.86,2024
329,17081.957,2024
330,11987.831,2024
331,57983.77,2024
332,26568.0,2024
333,37593.695,2024
334,12951.668,2024
335,23129.328,2024
336,14596.906,2024
337,26574.438,2024
338,16682.834,2024
339,18266.05,2024
340,45731.0,2024
341,15728.145,2024
342,76276.4,2024
343,51496.047,2024
344,20787.541,2024
345,33147.543,2024
346,17565.334,2024
347,22884.426,2024
348,23189.139,2024
349,13640.476,2024
350,22390.559,2024
351,21495.734,2024
352,14395.154,2024
353,14719.713,2024
354,37750.195,2024
355,39761.652,2024
356,32513.324,2024
357,317.95883,2024
358,39213.207,2024
359,30146.43,2024
360,23492.777,2024
361,19390.723,2024
362,30964.338,2024
363,25138.418,2024
364,24730.398,2024
365,25793.035,2024
366,34256.652,2024
367,18922.344,2024
368,16712.836,2024
369,22669.684,2024
370,26595.404,2024
371,25118.6,2024
372,19174.082,2024
373,10169.022,2024
374,39392.145,2024
375,17796.574,2024
376,39204.156,2024
377,2.9807172,2024
378,26408.604,2024
379,12700.979,2024
380,36223.01,2024
381,36702.99,2024
382,14622.194,2024
383,29036.031,2024
384,18375.863,2024
385,32963.0,2024
386,17134.2,2024
387,38890.758,2024
388,14582.672,2024
389,22332.125,2024
390,26787.027,2024
391,29964.678,2024
392,21726.398,2024
393,18872.46,2024
394,26188.352,2024
395,357.63342,2024
396,30325.006,2024
397,15755.798,2024
398,13193.369,2024
399,27062.957,2024
400,12179.678,2024
401,20509.182,2024
402,12721.865,2024
403,20272.254,2024
404,21440.312,2024
405,54714.785,2024
406,27420.746,2024
407,29574.709,2024
408,18093.732,2024
409,17741.5,2024
410,11510.172,2024
411,19947.99,2024
412,40940.926,2024
413,8514.356,2024
414,19855.445,2024
415,18027.662,2024
416,129.99562,2024
417,21804.277,2024
418,23570.988,2024
419,252.78911,2024
420,13475.273,2024
421,13770.96,2024
422,16809.703,2024
423,21845.012,2024
424,35226.2,2024
425,36205.12,2024
426,21324.08,2024
427,16742.283,2024
428,27101.75,2024
429,19584.654,2024
430,18412.947,2024
431,25988.418,2024
432,24885.125,2024
433,17157.29,2024
434,25029.525,2024
435,17902.848,2024
436,17784.309,2024
437,16793.246,2024
438,41922.723,2024
439,316.98044,2024
440,18321.723,2024
441,31800.068,2024
442,49663.258,2024
443,18208.828,2024
444,11333.972,2024
445,26984.43,2024
446,12413.045,2024
447,22405.318,2024
448,526.5436,2024
449,19544.074,2024
450,38680.22,2024
451,22092.797,2024
452,24048.953,2024
453,2.5724463,2024
454,32427.795,2024
455,27565.898,2024
456,36246.164,2024
457,21064.535,2024
458,18075.984,2024
459,12291.077,2024
460,145.18077,2024
461,27006.107,2024
462,10803.365,2024
463,26099.715,2024
464,31190.145,2024
465,18032.03,2024
466,38455.82,2024
467,401.99033,2024
468,19350.562,2024
469,36441.82,2024
470,22854.61,2024
471,25664.242,2024
472,18292.305,2024
473,15668.694,2024
474,32339.838,2024
475,18919.908,2024
476,17971.906,2024
477,30180.605,2024
478,51544.445,2024
479,332.77197,2024
480,38300.086,2024
481,372.1833,2024
482,21284.076,2024
483,14674.791,2024
484,21667.096,2024
485,32362.113,2024
486,40303.543,2024
487,27384.684,2024
488,42811.344,2024
489,16379.61,2024
490,25717.826,2024
491,17895.252,2024
492,27100.277,2024
493,34971.438,2024
494,14098.309,2024
495,15275.763,2024
496,12600.432,2024
497,45817.695,2024
498,14479.611,2024
499,28130.29,2024
500,14100.231,2024
501,23841.49,2024
502,17366.156,2024
503,38053.383,2024
504,34334.234,2024
505,14792.284,2024
506,9634.036,2024
507,13651.237,2024
508,2.0465124,2024
509,27424.016,2024
510,27941.527,2024
511,14517.898,2024
512,14973.062,2024
513,2.7912672,2024
514,39154.016,2024
515,24483.527,2024
516,15707.1,2024
517,21570.484,2024
518,410.16757,2024
519,38698.336,2024
520,15735.887,2024
521,15612.163,2024
522,15901.104,2024
523,16664.945,2024
524,17384.234,2024
525,21481.963,2024
526,28966.031,2024
527,26207.113,2024
528,41784.74,2024
529,20859.928,2024
530,18444.863,2024
531,15001.619,2024
532,14145.217,2024
533,55842.273,2024
534,18121.535,2024
535,15916.048,2024
536,28501.945,2024
537,35946.95,2024
538,20924.861,2024
539,27543.613,2024
540,11634.838,2024
541,20132.207,2024
542,13669.594,2024
543,14221.247,2024
544,35413.613,2024
545,13898.305,2024
546,27473.098,2024
547,48279.5,2024
548,17606.424,2024
549,13836.426,2024
550,25249.012,2024
551,22872.73,2024
552,20998.867,2024
553,0.8400725,2024
554,20170.623,2024
555,16331.771,2024
556,9452.005,2024
557,17890.064,2024
558,24811.545,2024
559,15102.187,2024
560,15729.81,2024
561,32878.203,2024
562,15219.561,2024
563,14793.427,2024
564,4.359405,2024
565,18625.713,2024
566,17437.783,2024
567,27776.617,2024
568,27849.719,2024
569,16881.418,2024
570,35395.516,2024
571,14632.754,2024
572,40393.586,2024
573,11819.751,2024
574,32230.014,2024
575,20365.05,2024
576,19621.914,2024
577,15242.918,2024
578,22288.424,2024
579,36018.566,2024
580,43520.5,2024
581,27200.818,2024
582,20888.514,2024
583,6789.4478,2024
584,21602.021,2024
585,12424.26,2024
586,17215.08,2024
587,25580.576,2024
588,15982.258,2024
589,37978.047,2024
590,5.828068,2024
591,40163.492,2024
592,23052.102,2024
593,20655.396,2024
594,18198.309,2024
595,40946.625,2024
596,34741.176,2024
597,24798.959,2024
598,40498.04,2024
599,23251.83,2024
600,22690.557,2024
601,11346.766,2024
602,25963.422,2024
603,22902.262,2024
604,16889.244,2024
605,12003.87,2024
606,39608.145,2024
607,19222.766,2024
608,12196.695,2024
609,36352.89,2024
610,32646.865,2024
611,20208.516,2024
612,50959.19,2024
613,18735.113,2024
614,23437.795,2024
615,19901.303,2024
616,22867.627,2024
617,16809.365,2024
618,29293.139,2024
619,36437.79,2024
620,9976.939,2024
621,13758.371,2024
622,42619.8,2024
623,21614.242,2024
624,39943.625,2024
625,20627.11,2024
626,31853.762,2024
627,6395.577,2024
628,17243.455,2024
629,30434.492,2024
630,3.294945,2024
631,34378.926,2024
632,322.6433,2024
633,35424.695,2024
634,11904.039,2024
635,14588.027,2024
636,175.21072,2024
637,10645.931,2024
638,21348.498,2024
639,32999.08,2024
640,18384.855,2024
641,21273.645,2024
642,19688.533,2024
643,17220.695,2024
644,39509.08,2024
645,11556.666,2024
646,39237.26,2024
647,20468.676,2024
648,20812.854,2024
649,31854.734,2024
650,32769.297,2024
651,29858.959,2024
652,14736.694,2024
653,34683.273,2024
654,12706.006,2024
655,11378.115,2024
656,15842.797,2024
657,35208.668,2024
658,18996.133,2024
659,29612.303,2024
660,41097.793,2024
661,23982.441,2024
662,14740.869,2024
663,24017.668,2024
664,18249.822,2024
665,40447.742,2024
666,49423.758,2024
667,34988.785,2024
668,12871.2,2024
669,19494.893,2024
670,10770.199,2024
671,4397.318,2024
672,27341.887,2024
673,10030.594,2024
674,26412.96,2024
675,15658.104,2024
676,20568.297,2024
677,12214.0625,2024
678,20656.38,2024
679,32418.086,2024
680,24546.324,2024
681,19090.207,2024
682,12515.963,2024
683,26616.084,2024
684,256.77094,2024
685,15873.301,2024
686,152.1258,2024
687,25100.305,2024
688,43517.055,2024
689,28315.17,2024
690,19546.422,2024
691,16401.572,2024
692,18048.855,2024
693,24618.13,2024
694,15209.796,2024
695,26842.418,2024
696,26041.982,2024
697,15256.574,2024
698,20500.559,2024
699,19217.084,2024
700,15665.825,2024
701,33045.12,2024
702,20820.695,2024
703,17727.734,2024
704,18238.375,2024
705,21488.785,2024
706,24491.047,2024
707,38253.36,2024
708,41216.684,2024
709,33278.8,2024
710,39740.574,2024
711,27184.324,2024
712,36612.094,2024
713,13939.215,2024
714,23855.568,2024
715,25666.691,2024
716,5.2764034,2024
717,24251.7,2024
718,23567.797,2024
719,7920.2466,2024
720,17583.736,2024
721,25948.545,2024
722,22008.617,2024
723,23372.15,2024
724,17581.592,2024
725,32959.953,2024
726,25131.922,2024
727,32141.092,2024
728,22513.59,2024
729,34758.44,2024
730,24897.99,2024
731,50601.453,2024
732,13975.554,2024
733,14388.278,2024
734,9152.124,2024
735,33041.684,2024
736,34317.9,2024
737,12642.235,2024
738,28063.035,2024
739,13090.96,2024
740,17925.945,2024
741,28253.293,2024
742,20103.639,2024
743,20896.066,2024
744,14306.279,2024
745,33235.7,2024
746,18305.428,2024
747,11092.23,2024
748,22229.664,2024
749,39276.72,2024
750,42791.426,2024
751,16540.02,2024
752,18123.645,2024
753,24161.896,2024
754,30762.629,2024
755,18932.074,2024
756,26784.191,2024
757,34703.82,2024
758,26846.668,2024
759,17023.898,2024
760,21587.625,2024
761,37087.887,2024
762,39368.938,2024
763,16831.262,2024
764,355.53015,2024
765,18515.023,2024
766,18070.04,2024
767,12473.078,2024
768,19111.592,2024
769,18579.25,2024
770,19566.77,2024
771,3.4592862,2024
772,19374.123,2024
773,18164.62,2024
774,25206.861,2024
775,47483.516,2024
776,37624.758,2024
777,28056.344,2024
778,16150.939,2024
779,43418.227,2024
780,30127.26,2024
781,22120.332,2024
782,18142.873,2024
783,49504.047,2024
784,11367.03,2024
785,25612.578,2024
786,31526.22,2024
787,25371.463,2024
788,22103.672,2024
789,9430.989,2024
790,29554.607,2024
791,15025.544,2024
792,24344.715,2024
793,22544.229,2024
794,41804.79,2024
795,28185.93,2024
796,13205.869,2024
797,14911.629,2024
798,17157.959,2024
799,23230.486,2024
800,17275.486,2024
801,30677.932,2024
802,18257.777,2024
803,35847.09,2024
804,29866.307,2024
805,42235.695,2024
806,39579.562,2024
807,20589.275,2024
808,7987.2773,2024
809,13281.283,2024
810,12663.025,2024
811,16083.616,2024
812,18622.656,2024
813,44838.484,2024
814,13262.715,2024
815,31717.506,2024
816,4.727911,2024
817,24967.564,2024
818,22863.746,2024
819,19989.143,2024
820,33384.492,2024
821,22007.129,2024
822,18767.982,2024
823,12375.681,2024
824,36569.383,2024
825,38313.164,2024
826,12155.252,2024
827,15577.511,2024
828,9698.677,2024
829,26507.135,2024
830,15710.965,2024
831,20429.42,2024
832,38882.75,2024
833,12813.576,2024
834,20963.31,2024
835,21220.598,2024
